year,卫生总费用增长率,人均GDP增长率,人口自然增长率加一,政府卫生支出占比
2013,0.110384555,0.093666376,1.59,0.06
2014,0.064703706,0.078514286,1.67,0.07
2015,0.096194962,0.064176034,1.49,0.07
2016,0.11365465,0.077333548,1.65,0.07
2017,0.12402744,0.108012829,1.56,0.07
2018,0.134931841,0.099702419,1.38,0.07
2019,0.13106253,0.069337549,1.33,0.07
2020,0.160347074,0.0249788,1.15,0.08
2021,0.11504802,0.132842441,1.03,0.08
2022,0.126247377,0.053190776,0.94,0.08
